No,Sub Bidang,Bidang Induk,Rentang,Status,Deskripsi Analisis,Jml Kata
1,Gaya Hidup,Pribadi,0% - 12%,Ringan - Rendah,"Siswa memiliki stabilitas emosi yang sangat baik, rasa percaya diri yang tinggi, serta ketahanan mental yang kuat dalam menghadapi rutinitas harian khususnya pada aspek Gaya Hidup. Kondisi perasaannya sangat positif dan matang, mendukung perkembangan diri yang optimal di sekolah tanpa hambatan berarti.",42
2,Gaya Hidup,Pribadi,13% - 25%,Ringan - Tinggi,"Siswa menunjukkan kondisi emosional yang sehat dan stabil secara umum khususnya pada aspek Gaya Hidup. Terdapat sedikit kecemasan atau keraguan situasional yang wajar, namun siswa tetap mampu mengelola perasaannya dengan baik dan menunjukkan penyesuaian diri yang adaptif dalam kesehariannya.",39
3,Gaya Hidup,Pribadi,26% - 38%,Sedang - Rendah,"Siswa mulai mengalami perubahan suasana hati atau penurunan motivasi diri dalam kadar ringan khususnya pada aspek Gaya Hidup. Kondisi ini sesekali memengaruhi ketenangan pikirannya, di mana siswa mulai merasa kurang yakin terhadap kemampuannya saat menghadapi tantangan di sekolah.",38
4,Gaya Hidup,Pribadi,39% - 50%,Sedang - Tinggi,"Siswa mengalami kondisi tekanan perasaan yang cukup mengganggu kenyamanan batinnya khususnya pada aspek Gaya Hidup. Perasaan tidak aman (insecurity) atau kecemasan mulai tampak lebih sering, sehingga siswa terkadang merasa kurang fokus dan mudah lelah secara mental dalam keseharian.",38
5,Gaya Hidup,Pribadi,51% - 63%,Berat - Rendah,"Siswa menunjukkan beban pikiran yang cukup berat, ditandai dengan emosi yang mudah berubah dan rasa percaya diri yang menurun tajam khususnya pada aspek Gaya Hidup. Keadaan perasaan yang tidak menentu ini mulai memengaruhi produktivitas harian dan menurunkan minat siswa terhadap aktivitas sekolah.",42
6,Gaya Hidup,Pribadi,64% - 75%,Berat - Tinggi,"Siswa mengalami hambatan emosional yang cukup menetap, diwarnai oleh kekhawatiran yang terus-menerus dan kesulitan mengendalikan emosi diri khususnya pada aspek Gaya Hidup. Kondisi ini membuat siswa merasa sangat tertekan, cenderung menutup diri, serta kesulitan untuk berpikir dengan tenang.",38
7,Gaya Hidup,Pribadi,76% - 88%,Sangat Berat - Rendah,"Siswa berada dalam kondisi krisis perasaan yang mendalam, ditandai dengan emosi yang sangat tidak stabil dan rasa tidak berdaya yang kuat khususnya pada aspek Gaya Hidup. Tingkat beban pikiran yang dialami sangat tinggi, sehingga mengganggu keseimbangan hariannya secara drastis.",39
8,Gaya Hidup,Pribadi,89% - 100%,Sangat Berat - Tinggi,"Siswa mengalami hambatan emosional yang sangat menguras energi, ditandai dengan kecemasan yang meluas dan kelelahan batin yang luar biasa khususnya pada aspek Gaya Hidup. Kondisinya berada pada titik jenuh tertinggi yang menurunkan motivasi diri, serta membuat siswa kehilangan pandangan positif tentang dirinya.",42
9,Kematangan Emosi,Pribadi,0% - 12%,Ringan - Rendah,"Siswa memiliki stabilitas emosi yang sangat baik, rasa percaya diri yang tinggi, serta ketahanan mental yang kuat dalam menghadapi rutinitas harian khususnya pada aspek Kematangan Emosi. Kondisi perasaannya sangat positif dan matang, mendukung perkembangan diri yang optimal di sekolah tanpa hambatan berarti.",42
10,Kematangan Emosi,Pribadi,13% - 25%,Ringan - Tinggi,"Siswa menunjukkan kondisi emosional yang sehat dan stabil secara umum khususnya pada aspek Kematangan Emosi. Terdapat sedikit kecemasan atau keraguan situasional yang wajar, namun siswa tetap mampu mengelola perasaannya dengan baik dan menunjukkan penyesuaian diri yang adaptif dalam kesehariannya.",39
11,Kematangan Emosi,Pribadi,26% - 38%,Sedang - Rendah,"Siswa mulai mengalami perubahan suasana hati atau penurunan motivasi diri dalam kadar ringan khususnya pada aspek Kematangan Emosi. Kondisi ini sesekali memengaruhi ketenangan pikirannya, di mana siswa mulai merasa kurang yakin terhadap kemampuannya saat menghadapi tantangan di sekolah.",38
12,Kematangan Emosi,Pribadi,39% - 50%,Sedang - Tinggi,"Siswa mengalami kondisi tekanan perasaan yang cukup mengganggu kenyamanan batinnya khususnya pada aspek Kematangan Emosi. Perasaan tidak aman (insecurity) atau kecemasan mulai tampak lebih sering, sehingga siswa terkadang merasa kurang fokus dan mudah lelah secara mental dalam keseharian.",38
13,Kematangan Emosi,Pribadi,51% - 63%,Berat - Rendah,"Siswa menunjukkan beban pikiran yang cukup berat, ditandai dengan emosi yang mudah berubah dan rasa percaya diri yang menurun tajam khususnya pada aspek Kematangan Emosi. Keadaan perasaan yang tidak menentu ini mulai memengaruhi produktivitas harian dan menurunkan minat siswa terhadap aktivitas sekolah.",42
14,Kematangan Emosi,Pribadi,64% - 75%,Berat - Tinggi,"Siswa mengalami hambatan emosional yang cukup menetap, diwarnai oleh kekhawatiran yang terus-menerus dan kesulitan mengendalikan emosi diri khususnya pada aspek Kematangan Emosi. Kondisi ini membuat siswa merasa sangat tertekan, cenderung menutup diri, serta kesulitan untuk berpikir dengan tenang.",38
15,Kematangan Emosi,Pribadi,76% - 88%,Sangat Berat - Rendah,"Siswa berada dalam kondisi krisis perasaan yang mendalam, ditandai dengan emosi yang sangat tidak stabil dan rasa tidak berdaya yang kuat khususnya pada aspek Kematangan Emosi. Tingkat beban pikiran yang dialami sangat tinggi, sehingga mengganggu keseimbangan hariannya secara drastis.",39
16,Kematangan Emosi,Pribadi,89% - 100%,Sangat Berat - Tinggi,"Siswa mengalami hambatan emosional yang sangat menguras energi, ditandai dengan kecemasan yang meluas dan kelelahan batin yang luar biasa khususnya pada aspek Kematangan Emosi. Kondisinya berada pada titik jenuh tertinggi yang menurunkan motivasi diri, serta membuat siswa kehilangan pandangan positif tentang dirinya.",42
17,Kesehatan Fisik,Pribadi,0% - 12%,Ringan - Rendah,"Siswa memiliki stabilitas emosi yang sangat baik, rasa percaya diri yang tinggi, serta ketahanan mental yang kuat dalam menghadapi rutinitas harian khususnya pada aspek Kesehatan Fisik. Kondisi perasaannya sangat positif dan matang, mendukung perkembangan diri yang optimal di sekolah tanpa hambatan berarti.",42
18,Kesehatan Fisik,Pribadi,13% - 25%,Ringan - Tinggi,"Siswa menunjukkan kondisi emosional yang sehat dan stabil secara umum khususnya pada aspek Kesehatan Fisik. Terdapat sedikit kecemasan atau keraguan situasional yang wajar, namun siswa tetap mampu mengelola perasaannya dengan baik dan menunjukkan penyesuaian diri yang adaptif dalam kesehariannya.",39
19,Kesehatan Fisik,Pribadi,26% - 38%,Sedang - Rendah,"Siswa mulai mengalami perubahan suasana hati atau penurunan motivasi diri dalam kadar ringan khususnya pada aspek Kesehatan Fisik. Kondisi ini sesekali memengaruhi ketenangan pikirannya, di mana siswa mulai merasa kurang yakin terhadap kemampuannya saat menghadapi tantangan di sekolah.",38
20,Kesehatan Fisik,Pribadi,39% - 50%,Sedang - Tinggi,"Siswa mengalami kondisi tekanan perasaan yang cukup mengganggu kenyamanan batinnya khususnya pada aspek Kesehatan Fisik. Perasaan tidak aman (insecurity) atau kecemasan mulai tampak lebih sering, sehingga siswa terkadang merasa kurang fokus dan mudah lelah secara mental dalam keseharian.",38
21,Kesehatan Fisik,Pribadi,51% - 63%,Berat - Rendah,"Siswa menunjukkan beban pikiran yang cukup berat, ditandai dengan emosi yang mudah berubah dan rasa percaya diri yang menurun tajam khususnya pada aspek Kesehatan Fisik. Keadaan perasaan yang tidak menentu ini mulai memengaruhi produktivitas harian dan menurunkan minat siswa terhadap aktivitas sekolah.",42
22,Kesehatan Fisik,Pribadi,64% - 75%,Berat - Tinggi,"Siswa mengalami hambatan emosional yang cukup menetap, diwarnai oleh kekhawatiran yang terus-menerus dan kesulitan mengendalikan emosi diri khususnya pada aspek Kesehatan Fisik. Kondisi ini membuat siswa merasa sangat tertekan, cenderung menutup diri, serta kesulitan untuk berpikir dengan tenang.",38
23,Kesehatan Fisik,Pribadi,76% - 88%,Sangat Berat - Rendah,"Siswa berada dalam kondisi krisis perasaan yang mendalam, ditandai dengan emosi yang sangat tidak stabil dan rasa tidak berdaya yang kuat khususnya pada aspek Kesehatan Fisik. Tingkat beban pikiran yang dialami sangat tinggi, sehingga mengganggu keseimbangan hariannya secara drastis.",39
24,Kesehatan Fisik,Pribadi,89% - 100%,Sangat Berat - Tinggi,"Siswa mengalami hambatan emosional yang sangat menguras energi, ditandai dengan kecemasan yang meluas dan kelelahan batin yang luar biasa khususnya pada aspek Kesehatan Fisik. Kondisinya berada pada titik jenuh tertinggi yang menurunkan motivasi diri, serta membuat siswa kehilangan pandangan positif tentang dirinya.",42
25,Kesehatan Mental,Pribadi,0% - 12%,Ringan - Rendah,"Siswa memiliki stabilitas emosi yang sangat baik, rasa percaya diri yang tinggi, serta ketahanan mental yang kuat dalam menghadapi rutinitas harian khususnya pada aspek Kesehatan Mental. Kondisi perasaannya sangat positif dan matang, mendukung perkembangan diri yang optimal di sekolah tanpa hambatan berarti.",42
26,Kesehatan Mental,Pribadi,13% - 25%,Ringan - Tinggi,"Siswa menunjukkan kondisi emosional yang sehat dan stabil secara umum khususnya pada aspek Kesehatan Mental. Terdapat sedikit kecemasan atau keraguan situasional yang wajar, namun siswa tetap mampu mengelola perasaannya dengan baik dan menunjukkan penyesuaian diri yang adaptif dalam kesehariannya.",39
27,Kesehatan Mental,Pribadi,26% - 38%,Sedang - Rendah,"Siswa mulai mengalami perubahan suasana hati atau penurunan motivasi diri dalam kadar ringan khususnya pada aspek Kesehatan Mental. Kondisi ini sesekali memengaruhi ketenangan pikirannya, di mana siswa mulai merasa kurang yakin terhadap kemampuannya saat menghadapi tantangan di sekolah.",38
28,Kesehatan Mental,Pribadi,39% - 50%,Sedang - Tinggi,"Siswa mengalami kondisi tekanan perasaan yang cukup mengganggu kenyamanan batinnya khususnya pada aspek Kesehatan Mental. Perasaan tidak aman (insecurity) atau kecemasan mulai tampak lebih sering, sehingga siswa terkadang merasa kurang fokus dan mudah lelah secara mental dalam keseharian.",38
29,Kesehatan Mental,Pribadi,51% - 63%,Berat - Rendah,"Siswa menunjukkan beban pikiran yang cukup berat, ditandai dengan emosi yang mudah berubah dan rasa percaya diri yang menurun tajam khususnya pada aspek Kesehatan Mental. Keadaan perasaan yang tidak menentu ini mulai memengaruhi produktivitas harian dan menurunkan minat siswa terhadap aktivitas sekolah.",42
30,Kesehatan Mental,Pribadi,64% - 75%,Berat - Tinggi,"Siswa mengalami hambatan emosional yang cukup menetap, diwarnai oleh kekhawatiran yang terus-menerus dan kesulitan mengendalikan emosi diri khususnya pada aspek Kesehatan Mental. Kondisi ini membuat siswa merasa sangat tertekan, cenderung menutup diri, serta kesulitan untuk berpikir dengan tenang.",38
31,Kesehatan Mental,Pribadi,76% - 88%,Sangat Berat - Rendah,"Siswa berada dalam kondisi krisis perasaan yang mendalam, ditandai dengan emosi yang sangat tidak stabil dan rasa tidak berdaya yang kuat khususnya pada aspek Kesehatan Mental. Tingkat beban pikiran yang dialami sangat tinggi, sehingga mengganggu keseimbangan hariannya secara drastis.",39
32,Kesehatan Mental,Pribadi,89% - 100%,Sangat Berat - Tinggi,"Siswa mengalami hambatan emosional yang sangat menguras energi, ditandai dengan kecemasan yang meluas dan kelelahan batin yang luar biasa khususnya pada aspek Kesehatan Mental. Kondisinya berada pada titik jenuh tertinggi yang menurunkan motivasi diri, serta membuat siswa kehilangan pandangan positif tentang dirinya.",42
33,Nilai & Moral,Pribadi,0% - 12%,Ringan - Rendah,"Siswa memiliki stabilitas emosi yang sangat baik, rasa percaya diri yang tinggi, serta ketahanan mental yang kuat dalam menghadapi rutinitas harian khususnya pada aspek Nilai & Moral. Kondisi perasaannya sangat positif dan matang, mendukung perkembangan diri yang optimal di sekolah tanpa hambatan berarti.",43
34,Nilai & Moral,Pribadi,13% - 25%,Ringan - Tinggi,"Siswa menunjukkan kondisi emosional yang sehat dan stabil secara umum khususnya pada aspek Nilai & Moral. Terdapat sedikit kecemasan atau keraguan situasional yang wajar, namun siswa tetap mampu mengelola perasaannya dengan baik dan menunjukkan penyesuaian diri yang adaptif dalam kesehariannya.",40
35,Nilai & Moral,Pribadi,26% - 38%,Sedang - Rendah,"Siswa mulai mengalami perubahan suasana hati atau penurunan motivasi diri dalam kadar ringan khususnya pada aspek Nilai & Moral. Kondisi ini sesekali memengaruhi ketenangan pikirannya, di mana siswa mulai merasa kurang yakin terhadap kemampuannya saat menghadapi tantangan di sekolah.",39
36,Nilai & Moral,Pribadi,39% - 50%,Sedang - Tinggi,"Siswa mengalami kondisi tekanan perasaan yang cukup mengganggu kenyamanan batinnya khususnya pada aspek Nilai & Moral. Perasaan tidak aman (insecurity) atau kecemasan mulai tampak lebih sering, sehingga siswa terkadang merasa kurang fokus dan mudah lelah secara mental dalam keseharian.",39
37,Nilai & Moral,Pribadi,51% - 63%,Berat - Rendah,"Siswa menunjukkan beban pikiran yang cukup berat, ditandai dengan emosi yang mudah berubah dan rasa percaya diri yang menurun tajam khususnya pada aspek Nilai & Moral. Keadaan perasaan yang tidak menentu ini mulai memengaruhi produktivitas harian dan menurunkan minat siswa terhadap aktivitas sekolah.",43
38,Nilai & Moral,Pribadi,64% - 75%,Berat - Tinggi,"Siswa mengalami hambatan emosional yang cukup menetap, diwarnai oleh kekhawatiran yang terus-menerus dan kesulitan mengendalikan emosi diri khususnya pada aspek Nilai & Moral. Kondisi ini membuat siswa merasa sangat tertekan, cenderung menutup diri, serta kesulitan untuk berpikir dengan tenang.",39
39,Nilai & Moral,Pribadi,76% - 88%,Sangat Berat - Rendah,"Siswa berada dalam kondisi krisis perasaan yang mendalam, ditandai dengan emosi yang sangat tidak stabil dan rasa tidak berdaya yang kuat khususnya pada aspek Nilai & Moral. Tingkat beban pikiran yang dialami sangat tinggi, sehingga mengganggu keseimbangan hariannya secara drastis.",40
40,Nilai & Moral,Pribadi,89% - 100%,Sangat Berat - Tinggi,"Siswa mengalami hambatan emosional yang sangat menguras energi, ditandai dengan kecemasan yang meluas dan kelelahan batin yang luar biasa khususnya pada aspek Nilai & Moral. Kondisinya berada pada titik jenuh tertinggi yang menurunkan motivasi diri, serta membuat siswa kehilangan pandangan positif tentang dirinya.",43
41,Beban Belajar,Belajar,0% - 12%,Ringan - Rendah,"Siswa menunjukkan efektivitas belajar yang sangat tinggi, memiliki konsentrasi yang penuh, serta kemandirian yang matang dalam menyelesaikan tuntutan akademik khususnya pada aspek Beban Belajar. Proses pemahaman dan semangat belajarnya berkembang dengan sangat optimal tanpa kendala yang berarti.",37
42,Beban Belajar,Belajar,13% - 25%,Ringan - Tinggi,"Siswa memiliki kebiasaan belajar yang teratur khususnya pada aspek Beban Belajar. Meskipun sesekali muncul rasa bosan atau penurunan fokus yang wajar, siswa secara umum tetap mampu mempertahankan hasil belajarnya dan menunjukkan tanggung jawab yang baik terhadap tugas sekolah.",38
43,Beban Belajar,Belajar,26% - 38%,Sedang - Rendah,"Siswa mulai menunjukkan kendala dalam mempertahankan konsistensi fokus belajar khususnya pada aspek Beban Belajar. Terdapat indikasi penurunan semangat atau hambatan ringan dalam mengatur waktu belajar, sehingga siswa terkadang merasa kewalahan menghadapi banyaknya tugas di kelas.",35
44,Beban Belajar,Belajar,39% - 50%,Sedang - Tinggi,"Kondisi akademis siswa mengalami hambatan yang cukup mengganggu kenyamanan belajarnya khususnya pada aspek Beban Belajar. Siswa sering kali merasa kesulitan berkonsentrasi, merasa gugup saat menghadapi ujian, serta mulai menunjukkan penurunan hasil belajar akibat cara belajar yang kurang tepat.",38
45,Beban Belajar,Belajar,51% - 63%,Berat - Rendah,"Siswa menunjukkan penurunan hasil belajar yang terlihat jelas akibat kendala yang menumpuk khususnya pada aspek Beban Belajar. Kondisi ini diwarnai oleh rasa malas yang terus muncul, kebosanan belajar yang tinggi, serta kesulitan menangkap pelajaran yang membuat siswa merasa tertinggal.",39
46,Beban Belajar,Belajar,64% - 75%,Berat - Tinggi,"Siswa mengalami kelelahan belajar yang sangat berat, ditandai dengan sikap tidak acuh terhadap tugas-tugas sekolah khususnya pada aspek Beban Belajar. Hambatan ini telah menurunkan rasa percaya diri akan kemampuan akademiknya, membuat siswa merasa kesulitan untuk mengejar ketertinggalan.",37
47,Beban Belajar,Belajar,76% - 88%,Sangat Berat - Rendah,"Siswa berada dalam fase krisis semangat belajar yang serius, ditandai dengan keengganan yang sangat kuat terhadap proses pembelajaran khususnya pada aspek Beban Belajar. Pikirannya diliputi kekhawatiran belajar yang tinggi, sehingga sangat mengurangi keikutsertaannya dalam kegiatan belajar di sekolah.",38
48,Beban Belajar,Belajar,89% - 100%,Sangat Berat - Tinggi,"Siswa mengalami kebuntuan semangat belajar yang sangat ekstrem akibat beban akademik yang dirasa terlalu berat khususnya pada aspek Beban Belajar. Kondisi ini memicu kesulitan besar dalam berpikir, hilangnya minat belajar secara total, serta keengganan menyeluruh terhadap aktivitas sekolah.",38
49,Fasilitas Belajar,Belajar,0% - 12%,Ringan - Rendah,"Siswa menunjukkan efektivitas belajar yang sangat tinggi, memiliki konsentrasi yang penuh, serta kemandirian yang matang dalam menyelesaikan tuntutan akademik khususnya pada aspek Fasilitas Belajar. Proses pemahaman dan semangat belajarnya berkembang dengan sangat optimal tanpa kendala yang berarti.",37
50,Fasilitas Belajar,Belajar,13% - 25%,Ringan - Tinggi,"Siswa memiliki kebiasaan belajar yang teratur khususnya pada aspek Fasilitas Belajar. Meskipun sesekali muncul rasa bosan atau penurunan fokus yang wajar, siswa secara umum tetap mampu mempertahankan hasil belajarnya dan menunjukkan tanggung jawab yang baik terhadap tugas sekolah.",38
51,Fasilitas Belajar,Belajar,26% - 38%,Sedang - Rendah,"Siswa mulai menunjukkan kendala dalam mempertahankan konsistensi fokus belajar khususnya pada aspek Fasilitas Belajar. Terdapat indikasi penurunan semangat atau hambatan ringan dalam mengatur waktu belajar, sehingga siswa terkadang merasa kewalahan menghadapi banyaknya tugas di kelas.",35
52,Fasilitas Belajar,Belajar,39% - 50%,Sedang - Tinggi,"Kondisi akademis siswa mengalami hambatan yang cukup mengganggu kenyamanan belajarnya khususnya pada aspek Fasilitas Belajar. Siswa sering kali merasa kesulitan berkonsentrasi, merasa gugup saat menghadapi ujian, serta mulai menunjukkan penurunan hasil belajar akibat cara belajar yang kurang tepat.",38
53,Fasilitas Belajar,Belajar,51% - 63%,Berat - Rendah,"Siswa menunjukkan penurunan hasil belajar yang terlihat jelas akibat kendala yang menumpuk khususnya pada aspek Fasilitas Belajar. Kondisi ini diwarnai oleh rasa malas yang terus muncul, kebosanan belajar yang tinggi, serta kesulitan menangkap pelajaran yang membuat siswa merasa tertinggal.",39
54,Fasilitas Belajar,Belajar,64% - 75%,Berat - Tinggi,"Siswa mengalami kelelahan belajar yang sangat berat, ditandai dengan sikap tidak acuh terhadap tugas-tugas sekolah khususnya pada aspek Fasilitas Belajar. Hambatan ini telah menurunkan rasa percaya diri akan kemampuan akademiknya, membuat siswa merasa kesulitan untuk mengejar ketertinggalan.",37
55,Fasilitas Belajar,Belajar,76% - 88%,Sangat Berat - Rendah,"Siswa berada dalam fase krisis semangat belajar yang serius, ditandai dengan keengganan yang sangat kuat terhadap proses pembelajaran khususnya pada aspek Fasilitas Belajar. Pikirannya diliputi kekhawatiran belajar yang tinggi, sehingga sangat mengurangi keikutsertaannya dalam kegiatan belajar di sekolah.",38
56,Fasilitas Belajar,Belajar,89% - 100%,Sangat Berat - Tinggi,"Siswa mengalami kebuntuan semangat belajar yang sangat ekstrem akibat beban akademik yang dirasa terlalu berat khususnya pada aspek Fasilitas Belajar. Kondisi ini memicu kesulitan besar dalam berpikir, hilangnya minat belajar secara total, serta keengganan menyeluruh terhadap aktivitas sekolah.",38
57,Fokus Belajar,Belajar,0% - 12%,Ringan - Rendah,"Siswa menunjukkan efektivitas belajar yang sangat tinggi, memiliki konsentrasi yang penuh, serta kemandirian yang matang dalam menyelesaikan tuntutan akademik khususnya pada aspek Fokus Belajar. Proses pemahaman dan semangat belajarnya berkembang dengan sangat optimal tanpa kendala yang berarti.",37
58,Fokus Belajar,Belajar,13% - 25%,Ringan - Tinggi,"Siswa memiliki kebiasaan belajar yang teratur khususnya pada aspek Fokus Belajar. Meskipun sesekali muncul rasa bosan atau penurunan fokus yang wajar, siswa secara umum tetap mampu mempertahankan hasil belajarnya dan menunjukkan tanggung jawab yang baik terhadap tugas sekolah.",38
59,Fokus Belajar,Belajar,26% - 38%,Sedang - Rendah,"Siswa mulai menunjukkan kendala dalam mempertahankan konsistensi fokus belajar khususnya pada aspek Fokus Belajar. Terdapat indikasi penurunan semangat atau hambatan ringan dalam mengatur waktu belajar, sehingga siswa terkadang merasa kewalahan menghadapi banyaknya tugas di kelas.",35
60,Fokus Belajar,Belajar,39% - 50%,Sedang - Tinggi,"Kondisi akademis siswa mengalami hambatan yang cukup mengganggu kenyamanan belajarnya khususnya pada aspek Fokus Belajar. Siswa sering kali merasa kesulitan berkonsentrasi, merasa gugup saat menghadapi ujian, serta mulai menunjukkan penurunan hasil belajar akibat cara belajar yang kurang tepat.",38
61,Fokus Belajar,Belajar,51% - 63%,Berat - Rendah,"Siswa menunjukkan penurunan hasil belajar yang terlihat jelas akibat kendala yang menumpuk khususnya pada aspek Fokus Belajar. Kondisi ini diwarnai oleh rasa malas yang terus muncul, kebosanan belajar yang tinggi, serta kesulitan menangkap pelajaran yang membuat siswa merasa tertinggal.",39
62,Fokus Belajar,Belajar,64% - 75%,Berat - Tinggi,"Siswa mengalami kelelahan belajar yang sangat berat, ditandai dengan sikap tidak acuh terhadap tugas-tugas sekolah khususnya pada aspek Fokus Belajar. Hambatan ini telah menurunkan rasa percaya diri akan kemampuan akademiknya, membuat siswa merasa kesulitan untuk mengejar ketertinggalan.",37
63,Fokus Belajar,Belajar,76% - 88%,Sangat Berat - Rendah,"Siswa berada dalam fase krisis semangat belajar yang serius, ditandai dengan keengganan yang sangat kuat terhadap proses pembelajaran khususnya pada aspek Fokus Belajar. Pikirannya diliputi kekhawatiran belajar yang tinggi, sehingga sangat mengurangi keikutsertaannya dalam kegiatan belajar di sekolah.",38
64,Fokus Belajar,Belajar,89% - 100%,Sangat Berat - Tinggi,"Siswa mengalami kebuntuan semangat belajar yang sangat ekstrem akibat beban akademik yang dirasa terlalu berat khususnya pada aspek Fokus Belajar. Kondisi ini memicu kesulitan besar dalam berpikir, hilangnya minat belajar secara total, serta keengganan menyeluruh terhadap aktivitas sekolah.",38
65,Keterampilan Belajar,Belajar,0% - 12%,Ringan - Rendah,"Siswa menunjukkan efektivitas belajar yang sangat tinggi, memiliki konsentrasi yang penuh, serta kemandirian yang matang dalam menyelesaikan tuntutan akademik khususnya pada aspek Keterampilan Belajar. Proses pemahaman dan semangat belajarnya berkembang dengan sangat optimal tanpa kendala yang berarti.",37
66,Keterampilan Belajar,Belajar,13% - 25%,Ringan - Tinggi,"Siswa memiliki kebiasaan belajar yang teratur khususnya pada aspek Keterampilan Belajar. Meskipun sesekali muncul rasa bosan atau penurunan fokus yang wajar, siswa secara umum tetap mampu mempertahankan hasil belajarnya dan menunjukkan tanggung jawab yang baik terhadap tugas sekolah.",38
67,Keterampilan Belajar,Belajar,26% - 38%,Sedang - Rendah,"Siswa mulai menunjukkan kendala dalam mempertahankan konsistensi fokus belajar khususnya pada aspek Keterampilan Belajar. Terdapat indikasi penurunan semangat atau hambatan ringan dalam mengatur waktu belajar, sehingga siswa terkadang merasa kewalahan menghadapi banyaknya tugas di kelas.",35
68,Keterampilan Belajar,Belajar,39% - 50%,Sedang - Tinggi,"Kondisi akademis siswa mengalami hambatan yang cukup mengganggu kenyamanan belajarnya khususnya pada aspek Keterampilan Belajar. Siswa sering kali merasa kesulitan berkonsentrasi, merasa gugup saat menghadapi ujian, serta mulai menunjukkan penurunan hasil belajar akibat cara belajar yang kurang tepat.",38
69,Keterampilan Belajar,Belajar,51% - 63%,Berat - Rendah,"Siswa menunjukkan penurunan hasil belajar yang terlihat jelas akibat kendala yang menumpuk khususnya pada aspek Keterampilan Belajar. Kondisi ini diwarnai oleh rasa malas yang terus muncul, kebosanan belajar yang tinggi, serta kesulitan menangkap pelajaran yang membuat siswa merasa tertinggal.",39
70,Keterampilan Belajar,Belajar,64% - 75%,Berat - Tinggi,"Siswa mengalami kelelahan belajar yang sangat berat, ditandai dengan sikap tidak acuh terhadap tugas-tugas sekolah khususnya pada aspek Keterampilan Belajar. Hambatan ini telah menurunkan rasa percaya diri akan kemampuan akademiknya, membuat siswa merasa kesulitan untuk mengejar ketertinggalan.",37
71,Keterampilan Belajar,Belajar,76% - 88%,Sangat Berat - Rendah,"Siswa berada dalam fase krisis semangat belajar yang serius, ditandai dengan keengganan yang sangat kuat terhadap proses pembelajaran khususnya pada aspek Keterampilan Belajar. Pikirannya diliputi kekhawatiran belajar yang tinggi, sehingga sangat mengurangi keikutsertaannya dalam kegiatan belajar di sekolah.",38
72,Keterampilan Belajar,Belajar,89% - 100%,Sangat Berat - Tinggi,"Siswa mengalami kebuntuan semangat belajar yang sangat ekstrem akibat beban akademik yang dirasa terlalu berat khususnya pada aspek Keterampilan Belajar. Kondisi ini memicu kesulitan besar dalam berpikir, hilangnya minat belajar secara total, serta keengganan menyeluruh terhadap aktivitas sekolah.",38
73,Lingkungan Sekolah,Belajar,0% - 12%,Ringan - Rendah,"Siswa menunjukkan efektivitas belajar yang sangat tinggi, memiliki konsentrasi yang penuh, serta kemandirian yang matang dalam menyelesaikan tuntutan akademik khususnya pada aspek Lingkungan Sekolah. Proses pemahaman dan semangat belajarnya berkembang dengan sangat optimal tanpa kendala yang berarti.",37
74,Lingkungan Sekolah,Belajar,13% - 25%,Ringan - Tinggi,"Siswa memiliki kebiasaan belajar yang teratur khususnya pada aspek Lingkungan Sekolah. Meskipun sesekali muncul rasa bosan atau penurunan fokus yang wajar, siswa secara umum tetap mampu mempertahankan hasil belajarnya dan menunjukkan tanggung jawab yang baik terhadap tugas sekolah.",38
75,Lingkungan Sekolah,Belajar,26% - 38%,Sedang - Rendah,"Siswa mulai menunjukkan kendala dalam mempertahankan konsistensi fokus belajar khususnya pada aspek Lingkungan Sekolah. Terdapat indikasi penurunan semangat atau hambatan ringan dalam mengatur waktu belajar, sehingga siswa terkadang merasa kewalahan menghadapi banyaknya tugas di kelas.",35
76,Lingkungan Sekolah,Belajar,39% - 50%,Sedang - Tinggi,"Kondisi akademis siswa mengalami hambatan yang cukup mengganggu kenyamanan belajarnya khususnya pada aspek Lingkungan Sekolah. Siswa sering kali merasa kesulitan berkonsentrasi, merasa gugup saat menghadapi ujian, serta mulai menunjukkan penurunan hasil belajar akibat cara belajar yang kurang tepat.",38
77,Lingkungan Sekolah,Belajar,51% - 63%,Berat - Rendah,"Siswa menunjukkan penurunan hasil belajar yang terlihat jelas akibat kendala yang menumpuk khususnya pada aspek Lingkungan Sekolah. Kondisi ini diwarnai oleh rasa malas yang terus muncul, kebosanan belajar yang tinggi, serta kesulitan menangkap pelajaran yang membuat siswa merasa tertinggal.",39
78,Lingkungan Sekolah,Belajar,64% - 75%,Berat - Tinggi,"Siswa mengalami kelelahan belajar yang sangat berat, ditandai dengan sikap tidak acuh terhadap tugas-tugas sekolah khususnya pada aspek Lingkungan Sekolah. Hambatan ini telah menurunkan rasa percaya diri akan kemampuan akademiknya, membuat siswa merasa kesulitan untuk mengejar ketertinggalan.",37
79,Lingkungan Sekolah,Belajar,76% - 88%,Sangat Berat - Rendah,"Siswa berada dalam fase krisis semangat belajar yang serius, ditandai dengan keengganan yang sangat kuat terhadap proses pembelajaran khususnya pada aspek Lingkungan Sekolah. Pikirannya diliputi kekhawatiran belajar yang tinggi, sehingga sangat mengurangi keikutsertaannya dalam kegiatan belajar di sekolah.",38
80,Lingkungan Sekolah,Belajar,89% - 100%,Sangat Berat - Tinggi,"Siswa mengalami kebuntuan semangat belajar yang sangat ekstrem akibat beban akademik yang dirasa terlalu berat khususnya pada aspek Lingkungan Sekolah. Kondisi ini memicu kesulitan besar dalam berpikir, hilangnya minat belajar secara total, serta keengganan menyeluruh terhadap aktivitas sekolah.",38
81,Lingkungan Sosial Belajar,Belajar,0% - 12%,Ringan - Rendah,"Siswa menunjukkan efektivitas belajar yang sangat tinggi, memiliki konsentrasi yang penuh, serta kemandirian yang matang dalam menyelesaikan tuntutan akademik khususnya pada aspek Lingkungan Sosial Belajar. Proses pemahaman dan semangat belajarnya berkembang dengan sangat optimal tanpa kendala yang berarti.",38
82,Lingkungan Sosial Belajar,Belajar,13% - 25%,Ringan - Tinggi,"Siswa memiliki kebiasaan belajar yang teratur khususnya pada aspek Lingkungan Sosial Belajar. Meskipun sesekali muncul rasa bosan atau penurunan fokus yang wajar, siswa secara umum tetap mampu mempertahankan hasil belajarnya dan menunjukkan tanggung jawab yang baik terhadap tugas sekolah.",39
83,Lingkungan Sosial Belajar,Belajar,26% - 38%,Sedang - Rendah,"Siswa mulai menunjukkan kendala dalam mempertahankan konsistensi fokus belajar khususnya pada aspek Lingkungan Sosial Belajar. Terdapat indikasi penurunan semangat atau hambatan ringan dalam mengatur waktu belajar, sehingga siswa terkadang merasa kewalahan menghadapi banyaknya tugas di kelas.",36
84,Lingkungan Sosial Belajar,Belajar,39% - 50%,Sedang - Tinggi,"Kondisi akademis siswa mengalami hambatan yang cukup mengganggu kenyamanan belajarnya khususnya pada aspek Lingkungan Sosial Belajar. Siswa sering kali merasa kesulitan berkonsentrasi, merasa gugup saat menghadapi ujian, serta mulai menunjukkan penurunan hasil belajar akibat cara belajar yang kurang tepat.",39
85,Lingkungan Sosial Belajar,Belajar,51% - 63%,Berat - Rendah,"Siswa menunjukkan penurunan hasil belajar yang terlihat jelas akibat kendala yang menumpuk khususnya pada aspek Lingkungan Sosial Belajar. Kondisi ini diwarnai oleh rasa malas yang terus muncul, kebosanan belajar yang tinggi, serta kesulitan menangkap pelajaran yang membuat siswa merasa tertinggal.",40
86,Lingkungan Sosial Belajar,Belajar,64% - 75%,Berat - Tinggi,"Siswa mengalami kelelahan belajar yang sangat berat, ditandai dengan sikap tidak acuh terhadap tugas-tugas sekolah khususnya pada aspek Lingkungan Sosial Belajar. Hambatan ini telah menurunkan rasa percaya diri akan kemampuan akademiknya, membuat siswa merasa kesulitan untuk mengejar ketertinggalan.",38
87,Lingkungan Sosial Belajar,Belajar,76% - 88%,Sangat Berat - Rendah,"Siswa berada dalam fase krisis semangat belajar yang serius, ditandai dengan keengganan yang sangat kuat terhadap proses pembelajaran khususnya pada aspek Lingkungan Sosial Belajar. Pikirannya diliputi kekhawatiran belajar yang tinggi, sehingga sangat mengurangi keikutsertaannya dalam kegiatan belajar di sekolah.",39
88,Lingkungan Sosial Belajar,Belajar,89% - 100%,Sangat Berat - Tinggi,"Siswa mengalami kebuntuan semangat belajar yang sangat ekstrem akibat beban akademik yang dirasa terlalu berat khususnya pada aspek Lingkungan Sosial Belajar. Kondisi ini memicu kesulitan besar dalam berpikir, hilangnya minat belajar secara total, serta keengganan menyeluruh terhadap aktivitas sekolah.",39
89,Manajemen Waktu,Belajar,0% - 12%,Ringan - Rendah,"Siswa menunjukkan efektivitas belajar yang sangat tinggi, memiliki konsentrasi yang penuh, serta kemandirian yang matang dalam menyelesaikan tuntutan akademik khususnya pada aspek Manajemen Waktu. Proses pemahaman dan semangat belajarnya berkembang dengan sangat optimal tanpa kendala yang berarti.",37
90,Manajemen Waktu,Belajar,13% - 25%,Ringan - Tinggi,"Siswa memiliki kebiasaan belajar yang teratur khususnya pada aspek Manajemen Waktu. Meskipun sesekali muncul rasa bosan atau penurunan fokus yang wajar, siswa secara umum tetap mampu mempertahankan hasil belajarnya dan menunjukkan tanggung jawab yang baik terhadap tugas sekolah.",38
91,Manajemen Waktu,Belajar,26% - 38%,Sedang - Rendah,"Siswa mulai menunjukkan kendala dalam mempertahankan konsistensi fokus belajar khususnya pada aspek Manajemen Waktu. Terdapat indikasi penurunan semangat atau hambatan ringan dalam mengatur waktu belajar, sehingga siswa terkadang merasa kewalahan menghadapi banyaknya tugas di kelas.",35
92,Manajemen Waktu,Belajar,39% - 50%,Sedang - Tinggi,"Kondisi akademis siswa mengalami hambatan yang cukup mengganggu kenyamanan belajarnya khususnya pada aspek Manajemen Waktu. Siswa sering kali merasa kesulitan berkonsentrasi, merasa gugup saat menghadapi ujian, serta mulai menunjukkan penurunan hasil belajar akibat cara belajar yang kurang tepat.",38
93,Manajemen Waktu,Belajar,51% - 63%,Berat - Rendah,"Siswa menunjukkan penurunan hasil belajar yang terlihat jelas akibat kendala yang menumpuk khususnya pada aspek Manajemen Waktu. Kondisi ini diwarnai oleh rasa malas yang terus muncul, kebosanan belajar yang tinggi, serta kesulitan menangkap pelajaran yang membuat siswa merasa tertinggal.",39
94,Manajemen Waktu,Belajar,64% - 75%,Berat - Tinggi,"Siswa mengalami kelelahan belajar yang sangat berat, ditandai dengan sikap tidak acuh terhadap tugas-tugas sekolah khususnya pada aspek Manajemen Waktu. Hambatan ini telah menurunkan rasa percaya diri akan kemampuan akademiknya, membuat siswa merasa kesulitan untuk mengejar ketertinggalan.",37
95,Manajemen Waktu,Belajar,76% - 88%,Sangat Berat - Rendah,"Siswa berada dalam fase krisis semangat belajar yang serius, ditandai dengan keengganan yang sangat kuat terhadap proses pembelajaran khususnya pada aspek Manajemen Waktu. Pikirannya diliputi kekhawatiran belajar yang tinggi, sehingga sangat mengurangi keikutsertaannya dalam kegiatan belajar di sekolah.",38
96,Manajemen Waktu,Belajar,89% - 100%,Sangat Berat - Tinggi,"Siswa mengalami kebuntuan semangat belajar yang sangat ekstrem akibat beban akademik yang dirasa terlalu berat khususnya pada aspek Manajemen Waktu. Kondisi ini memicu kesulitan besar dalam berpikir, hilangnya minat belajar secara total, serta keengganan menyeluruh terhadap aktivitas sekolah.",38
97,Motivasi Belajar,Belajar,0% - 12%,Ringan - Rendah,"Siswa menunjukkan efektivitas belajar yang sangat tinggi, memiliki konsentrasi yang penuh, serta kemandirian yang matang dalam menyelesaikan tuntutan akademik khususnya pada aspek Motivasi Belajar. Proses pemahaman dan semangat belajarnya berkembang dengan sangat optimal tanpa kendala yang berarti.",37
98,Motivasi Belajar,Belajar,13% - 25%,Ringan - Tinggi,"Siswa memiliki kebiasaan belajar yang teratur khususnya pada aspek Motivasi Belajar. Meskipun sesekali muncul rasa bosan atau penurunan fokus yang wajar, siswa secara umum tetap mampu mempertahankan hasil belajarnya dan menunjukkan tanggung jawab yang baik terhadap tugas sekolah.",38
99,Motivasi Belajar,Belajar,26% - 38%,Sedang - Rendah,"Siswa mulai menunjukkan kendala dalam mempertahankan konsistensi fokus belajar khususnya pada aspek Motivasi Belajar. Terdapat indikasi penurunan semangat atau hambatan ringan dalam mengatur waktu belajar, sehingga siswa terkadang merasa kewalahan menghadapi banyaknya tugas di kelas.",35
100,Motivasi Belajar,Belajar,39% - 50%,Sedang - Tinggi,"Kondisi akademis siswa mengalami hambatan yang cukup mengganggu kenyamanan belajarnya khususnya pada aspek Motivasi Belajar. Siswa sering kali merasa kesulitan berkonsentrasi, merasa gugup saat menghadapi ujian, serta mulai menunjukkan penurunan hasil belajar akibat cara belajar yang kurang tepat.",38
101,Motivasi Belajar,Belajar,51% - 63%,Berat - Rendah,"Siswa menunjukkan penurunan hasil belajar yang terlihat jelas akibat kendala yang menumpuk khususnya pada aspek Motivasi Belajar. Kondisi ini diwarnai oleh rasa malas yang terus muncul, kebosanan belajar yang tinggi, serta kesulitan menangkap pelajaran yang membuat siswa merasa tertinggal.",39
102,Motivasi Belajar,Belajar,64% - 75%,Berat - Tinggi,"Siswa mengalami kelelahan belajar yang sangat berat, ditandai dengan sikap tidak acuh terhadap tugas-tugas sekolah khususnya pada aspek Motivasi Belajar. Hambatan ini telah menurunkan rasa percaya diri akan kemampuan akademiknya, membuat siswa merasa kesulitan untuk mengejar ketertinggalan.",37
103,Motivasi Belajar,Belajar,76% - 88%,Sangat Berat - Rendah,"Siswa berada dalam fase krisis semangat belajar yang serius, ditandai dengan keengganan yang sangat kuat terhadap proses pembelajaran khususnya pada aspek Motivasi Belajar. Pikirannya diliputi kekhawatiran belajar yang tinggi, sehingga sangat mengurangi keikutsertaannya dalam kegiatan belajar di sekolah.",38
104,Motivasi Belajar,Belajar,89% - 100%,Sangat Berat - Tinggi,"Siswa mengalami kebuntuan semangat belajar yang sangat ekstrem akibat beban akademik yang dirasa terlalu berat khususnya pada aspek Motivasi Belajar. Kondisi ini memicu kesulitan besar dalam berpikir, hilangnya minat belajar secara total, serta keengganan menyeluruh terhadap aktivitas sekolah.",38
105,Sikap Belajar,Belajar,0% - 12%,Ringan - Rendah,"Siswa menunjukkan efektivitas belajar yang sangat tinggi, memiliki konsentrasi yang penuh, serta kemandirian yang matang dalam menyelesaikan tuntutan akademik khususnya pada aspek Sikap Belajar. Proses pemahaman dan semangat belajarnya berkembang dengan sangat optimal tanpa kendala yang berarti.",37
106,Sikap Belajar,Belajar,13% - 25%,Ringan - Tinggi,"Siswa memiliki kebiasaan belajar yang teratur khususnya pada aspek Sikap Belajar. Meskipun sesekali muncul rasa bosan atau penurunan fokus yang wajar, siswa secara umum tetap mampu mempertahankan hasil belajarnya dan menunjukkan tanggung jawab yang baik terhadap tugas sekolah.",38
107,Sikap Belajar,Belajar,26% - 38%,Sedang - Rendah,"Siswa mulai menunjukkan kendala dalam mempertahankan konsistensi fokus belajar khususnya pada aspek Sikap Belajar. Terdapat indikasi penurunan semangat atau hambatan ringan dalam mengatur waktu belajar, sehingga siswa terkadang merasa kewalahan menghadapi banyaknya tugas di kelas.",35
108,Sikap Belajar,Belajar,39% - 50%,Sedang - Tinggi,"Kondisi akademis siswa mengalami hambatan yang cukup mengganggu kenyamanan belajarnya khususnya pada aspek Sikap Belajar. Siswa sering kali merasa kesulitan berkonsentrasi, merasa gugup saat menghadapi ujian, serta mulai menunjukkan penurunan hasil belajar akibat cara belajar yang kurang tepat.",38
109,Sikap Belajar,Belajar,51% - 63%,Berat - Rendah,"Siswa menunjukkan penurunan hasil belajar yang terlihat jelas akibat kendala yang menumpuk khususnya pada aspek Sikap Belajar. Kondisi ini diwarnai oleh rasa malas yang terus muncul, kebosanan belajar yang tinggi, serta kesulitan menangkap pelajaran yang membuat siswa merasa tertinggal.",39
110,Sikap Belajar,Belajar,64% - 75%,Berat - Tinggi,"Siswa mengalami kelelahan belajar yang sangat berat, ditandai dengan sikap tidak acuh terhadap tugas-tugas sekolah khususnya pada aspek Sikap Belajar. Hambatan ini telah menurunkan rasa percaya diri akan kemampuan akademiknya, membuat siswa merasa kesulitan untuk mengejar ketertinggalan.",37
111,Sikap Belajar,Belajar,76% - 88%,Sangat Berat - Rendah,"Siswa berada dalam fase krisis semangat belajar yang serius, ditandai dengan keengganan yang sangat kuat terhadap proses pembelajaran khususnya pada aspek Sikap Belajar. Pikirannya diliputi kekhawatiran belajar yang tinggi, sehingga sangat mengurangi keikutsertaannya dalam kegiatan belajar di sekolah.",38
112,Sikap Belajar,Belajar,89% - 100%,Sangat Berat - Tinggi,"Siswa mengalami kebuntuan semangat belajar yang sangat ekstrem akibat beban akademik yang dirasa terlalu berat khususnya pada aspek Sikap Belajar. Kondisi ini memicu kesulitan besar dalam berpikir, hilangnya minat belajar secara total, serta keengganan menyeluruh terhadap aktivitas sekolah.",38
113,Etika Sosial,Sosial,0% - 12%,Ringan - Rendah,"Siswa memiliki kemampuan bergaul yang luar biasa, mampu membangun pertemanan yang hangat, serta menunjukkan penyesuaian yang sangat baik dengan lingkungan sekitar khususnya pada aspek Etika Sosial. Sikap sosialnya sangat luwes, membuat siswa mudah diterima dan berkomunikasi dengan santun.",38
114,Etika Sosial,Sosial,13% - 25%,Ringan - Tinggi,"Hubungan pergaulan siswa tergolong sehat dan mudah menyesuaikan diri khususnya pada aspek Etika Sosial. Meskipun sesekali terjadi salah paham kecil dengan teman sebaya yang wajar bagi remaja, siswa tetap mampu menyelesaikannya dengan baik dan menjaga hubungan yang positif.",38
115,Etika Sosial,Sosial,26% - 38%,Sedang - Rendah,"Siswa mulai menunjukkan rasa canggung atau hambatan dalam membaur dengan lingkungan pergaulan khususnya pada aspek Etika Sosial. Kondisi ini membuat siswa terkadang merasa kurang percaya diri, ragu-ragu saat berbicara, atau memilih membatasi interaksi dengan teman sebaya di sekolah.",38
116,Etika Sosial,Sosial,39% - 50%,Sedang - Tinggi,"Kondisi hubungan pertemanan siswa mengalami hambatan yang cukup mengganggu kenyamanannya khususnya pada aspek Etika Sosial. Siswa sering kali merasa kurang cocok, merasa kurang diterima oleh kelompok, atau mengalami selisih paham yang cukup menyita pikirannya di lingkungan sekolah.",37
117,Etika Sosial,Sosial,51% - 63%,Berat - Rendah,"Siswa mengalami kesulitan bergaul yang cukup berat, ditandai dengan keengganan memulai pertemanan dan kecenderungan menjauh dari keramaian khususnya pada aspek Etika Sosial. Kondisi ini memicu rasa kesepian dan menciptakan jarak komunikasi yang cukup lebar dengan lingkungan sekitarnya.",37
118,Etika Sosial,Sosial,64% - 75%,Berat - Tinggi,"Siswa menunjukkan hambatan penyesuaian pergaulan yang terus-menerus, diwarnai oleh perselisihan antar teman atau sikap menyendiri yang sangat terlihat khususnya pada aspek Etika Sosial. Kondisi ini membuat siswa merasa sangat tidak nyaman dan kehilangan kepercayaan terhadap teman di sekitarnya.",38
119,Etika Sosial,Sosial,76% - 88%,Sangat Berat - Rendah,"Siswa berada dalam kondisi krisis pergaulan yang mendalam, ditandai dengan penolakan terhadap ajakan berteman atau perilaku menyendiri secara berlebihan khususnya pada aspek Etika Sosial. Siswa merasa sangat kesepian, merasa cemas saat berada di keramaian, dan sangat membatasi interaksinya.",38
120,Etika Sosial,Sosial,89% - 100%,Sangat Berat - Tinggi,"Siswa mengalami kesulitan berinteraksi yang sangat ekstrem, ditandai dengan ketakutan yang luar biasa untuk bersosialisasi dan perasaan terasing dari lingkungan sekolah khususnya pada aspek Etika Sosial. Kondisi ini menghambat kemampuannya berkomunikasi serta menciptakan jarak pergaulan yang sangat jauh dengan orang lain.",41
121,Gaya Hidup & Lingkungan Sosial,Sosial,0% - 12%,Ringan - Rendah,"Siswa memiliki kemampuan bergaul yang luar biasa, mampu membangun pertemanan yang hangat, serta menunjukkan penyesuaian yang sangat baik dengan lingkungan sekitar khususnya pada aspek Gaya Hidup & Lingkungan Sosial. Sikap sosialnya sangat luwes, membuat siswa mudah diterima dan berkomunikasi dengan santun.",41
122,Gaya Hidup & Lingkungan Sosial,Sosial,13% - 25%,Ringan - Tinggi,"Hubungan pergaulan siswa tergolong sehat dan mudah menyesuaikan diri khususnya pada aspek Gaya Hidup & Lingkungan Sosial. Meskipun sesekali terjadi salah paham kecil dengan teman sebaya yang wajar bagi remaja, siswa tetap mampu menyelesaikannya dengan baik dan menjaga hubungan yang positif.",41
123,Gaya Hidup & Lingkungan Sosial,Sosial,26% - 38%,Sedang - Rendah,"Siswa mulai menunjukkan rasa canggung atau hambatan dalam membaur dengan lingkungan pergaulan khususnya pada aspek Gaya Hidup & Lingkungan Sosial. Kondisi ini membuat siswa terkadang merasa kurang percaya diri, ragu-ragu saat berbicara, atau memilih membatasi interaksi dengan teman sebaya di sekolah.",41
124,Gaya Hidup & Lingkungan Sosial,Sosial,39% - 50%,Sedang - Tinggi,"Kondisi hubungan pertemanan siswa mengalami hambatan yang cukup mengganggu kenyamanannya khususnya pada aspek Gaya Hidup & Lingkungan Sosial. Siswa sering kali merasa kurang cocok, merasa kurang diterima oleh kelompok, atau mengalami selisih paham yang cukup menyita pikirannya di lingkungan sekolah.",40
125,Gaya Hidup & Lingkungan Sosial,Sosial,51% - 63%,Berat - Rendah,"Siswa mengalami kesulitan bergaul yang cukup berat, ditandai dengan keengganan memulai pertemanan dan kecenderungan menjauh dari keramaian khususnya pada aspek Gaya Hidup & Lingkungan Sosial. Kondisi ini memicu rasa kesepian dan menciptakan jarak komunikasi yang cukup lebar dengan lingkungan sekitarnya.",40
126,Gaya Hidup & Lingkungan Sosial,Sosial,64% - 75%,Berat - Tinggi,"Siswa menunjukkan hambatan penyesuaian pergaulan yang terus-menerus, diwarnai oleh perselisihan antar teman atau sikap menyendiri yang sangat terlihat khususnya pada aspek Gaya Hidup & Lingkungan Sosial. Kondisi ini membuat siswa merasa sangat tidak nyaman dan kehilangan kepercayaan terhadap teman di sekitarnya.",41
127,Gaya Hidup & Lingkungan Sosial,Sosial,76% - 88%,Sangat Berat - Rendah,"Siswa berada dalam kondisi krisis pergaulan yang mendalam, ditandai dengan penolakan terhadap ajakan berteman atau perilaku menyendiri secara berlebihan khususnya pada aspek Gaya Hidup & Lingkungan Sosial. Siswa merasa sangat kesepian, merasa cemas saat berada di keramaian, dan sangat membatasi interaksinya.",41
128,Gaya Hidup & Lingkungan Sosial,Sosial,89% - 100%,Sangat Berat - Tinggi,"Siswa mengalami kesulitan berinteraksi yang sangat ekstrem, ditandai dengan ketakutan yang luar biasa untuk bersosialisasi dan perasaan terasing dari lingkungan sekolah khususnya pada aspek Gaya Hidup & Lingkungan Sosial. Kondisi ini menghambat kemampuannya berkomunikasi serta menciptakan jarak pergaulan yang sangat jauh dengan orang lain.",44
129,Hubungan Keluarga,Sosial,0% - 12%,Ringan - Rendah,"Siswa memiliki kemampuan bergaul yang luar biasa, mampu membangun pertemanan yang hangat, serta menunjukkan penyesuaian yang sangat baik dengan lingkungan sekitar khususnya pada aspek Hubungan Keluarga. Sikap sosialnya sangat luwes, membuat siswa mudah diterima dan berkomunikasi dengan santun.",38
130,Hubungan Keluarga,Sosial,13% - 25%,Ringan - Tinggi,"Hubungan pergaulan siswa tergolong sehat dan mudah menyesuaikan diri khususnya pada aspek Hubungan Keluarga. Meskipun sesekali terjadi salah paham kecil dengan teman sebaya yang wajar bagi remaja, siswa tetap mampu menyelesaikannya dengan baik dan menjaga hubungan yang positif.",38
131,Hubungan Keluarga,Sosial,26% - 38%,Sedang - Rendah,"Siswa mulai menunjukkan rasa canggung atau hambatan dalam membaur dengan lingkungan pergaulan khususnya pada aspek Hubungan Keluarga. Kondisi ini membuat siswa terkadang merasa kurang percaya diri, ragu-ragu saat berbicara, atau memilih membatasi interaksi dengan teman sebaya di sekolah.",38
132,Hubungan Keluarga,Sosial,39% - 50%,Sedang - Tinggi,"Kondisi hubungan pertemanan siswa mengalami hambatan yang cukup mengganggu kenyamanannya khususnya pada aspek Hubungan Keluarga. Siswa sering kali merasa kurang cocok, merasa kurang diterima oleh kelompok, atau mengalami selisih paham yang cukup menyita pikirannya di lingkungan sekolah.",37
133,Hubungan Keluarga,Sosial,51% - 63%,Berat - Rendah,"Siswa mengalami kesulitan bergaul yang cukup berat, ditandai dengan keengganan memulai pertemanan dan kecenderungan menjauh dari keramaian khususnya pada aspek Hubungan Keluarga. Kondisi ini memicu rasa kesepian dan menciptakan jarak komunikasi yang cukup lebar dengan lingkungan sekitarnya.",37
134,Hubungan Keluarga,Sosial,64% - 75%,Berat - Tinggi,"Siswa menunjukkan hambatan penyesuaian pergaulan yang terus-menerus, diwarnai oleh perselisihan antar teman atau sikap menyendiri yang sangat terlihat khususnya pada aspek Hubungan Keluarga. Kondisi ini membuat siswa merasa sangat tidak nyaman dan kehilangan kepercayaan terhadap teman di sekitarnya.",38
135,Hubungan Keluarga,Sosial,76% - 88%,Sangat Berat - Rendah,"Siswa berada dalam kondisi krisis pergaulan yang mendalam, ditandai dengan penolakan terhadap ajakan berteman atau perilaku menyendiri secara berlebihan khususnya pada aspek Hubungan Keluarga. Siswa merasa sangat kesepian, merasa cemas saat berada di keramaian, dan sangat membatasi interaksinya.",38
136,Hubungan Keluarga,Sosial,89% - 100%,Sangat Berat - Tinggi,"Siswa mengalami kesulitan berinteraksi yang sangat ekstrem, ditandai dengan ketakutan yang luar biasa untuk bersosialisasi dan perasaan terasing dari lingkungan sekolah khususnya pada aspek Hubungan Keluarga. Kondisi ini menghambat kemampuannya berkomunikasi serta menciptakan jarak pergaulan yang sangat jauh dengan orang lain.",41
137,Hubungan Teman,Sosial,0% - 12%,Ringan - Rendah,"Siswa memiliki kemampuan bergaul yang luar biasa, mampu membangun pertemanan yang hangat, serta menunjukkan penyesuaian yang sangat baik dengan lingkungan sekitar khususnya pada aspek Hubungan Teman. Sikap sosialnya sangat luwes, membuat siswa mudah diterima dan berkomunikasi dengan santun.",38
138,Hubungan Teman,Sosial,13% - 25%,Ringan - Tinggi,"Hubungan pergaulan siswa tergolong sehat dan mudah menyesuaikan diri khususnya pada aspek Hubungan Teman. Meskipun sesekali terjadi salah paham kecil dengan teman sebaya yang wajar bagi remaja, siswa tetap mampu menyelesaikannya dengan baik dan menjaga hubungan yang positif.",38
139,Hubungan Teman,Sosial,26% - 38%,Sedang - Rendah,"Siswa mulai menunjukkan rasa canggung atau hambatan dalam membaur dengan lingkungan pergaulan khususnya pada aspek Hubungan Teman. Kondisi ini membuat siswa terkadang merasa kurang percaya diri, ragu-ragu saat berbicara, atau memilih membatasi interaksi dengan teman sebaya di sekolah.",38
140,Hubungan Teman,Sosial,39% - 50%,Sedang - Tinggi,"Kondisi hubungan pertemanan siswa mengalami hambatan yang cukup mengganggu kenyamanannya khususnya pada aspek Hubungan Teman. Siswa sering kali merasa kurang cocok, merasa kurang diterima oleh kelompok, atau mengalami selisih paham yang cukup menyita pikirannya di lingkungan sekolah.",37
141,Hubungan Teman,Sosial,51% - 63%,Berat - Rendah,"Siswa mengalami kesulitan bergaul yang cukup berat, ditandai dengan keengganan memulai pertemanan dan kecenderungan menjauh dari keramaian khususnya pada aspek Hubungan Teman. Kondisi ini memicu rasa kesepian dan menciptakan jarak komunikasi yang cukup lebar dengan lingkungan sekitarnya.",37
142,Hubungan Teman,Sosial,64% - 75%,Berat - Tinggi,"Siswa menunjukkan hambatan penyesuaian pergaulan yang terus-menerus, diwarnai oleh perselisihan antar teman atau sikap menyendiri yang sangat terlihat khususnya pada aspek Hubungan Teman. Kondisi ini membuat siswa merasa sangat tidak nyaman dan kehilangan kepercayaan terhadap teman di sekitarnya.",38
143,Hubungan Teman,Sosial,76% - 88%,Sangat Berat - Rendah,"Siswa berada dalam kondisi krisis pergaulan yang mendalam, ditandai dengan penolakan terhadap ajakan berteman atau perilaku menyendiri secara berlebihan khususnya pada aspek Hubungan Teman. Siswa merasa sangat kesepian, merasa cemas saat berada di keramaian, dan sangat membatasi interaksinya.",38
144,Hubungan Teman,Sosial,89% - 100%,Sangat Berat - Tinggi,"Siswa mengalami kesulitan berinteraksi yang sangat ekstrem, ditandai dengan ketakutan yang luar biasa untuk bersosialisasi dan perasaan terasing dari lingkungan sekolah khususnya pada aspek Hubungan Teman. Kondisi ini menghambat kemampuannya berkomunikasi serta menciptakan jarak pergaulan yang sangat jauh dengan orang lain.",41
145,Keterampilan Sosial,Sosial,0% - 12%,Ringan - Rendah,"Siswa memiliki kemampuan bergaul yang luar biasa, mampu membangun pertemanan yang hangat, serta menunjukkan penyesuaian yang sangat baik dengan lingkungan sekitar khususnya pada aspek Keterampilan Sosial. Sikap sosialnya sangat luwes, membuat siswa mudah diterima dan berkomunikasi dengan santun.",38
146,Keterampilan Sosial,Sosial,13% - 25%,Ringan - Tinggi,"Hubungan pergaulan siswa tergolong sehat dan mudah menyesuaikan diri khususnya pada aspek Keterampilan Sosial. Meskipun sesekali terjadi salah paham kecil dengan teman sebaya yang wajar bagi remaja, siswa tetap mampu menyelesaikannya dengan baik dan menjaga hubungan yang positif.",38
147,Keterampilan Sosial,Sosial,26% - 38%,Sedang - Rendah,"Siswa mulai menunjukkan rasa canggung atau hambatan dalam membaur dengan lingkungan pergaulan khususnya pada aspek Keterampilan Sosial. Kondisi ini membuat siswa terkadang merasa kurang percaya diri, ragu-ragu saat berbicara, atau memilih membatasi interaksi dengan teman sebaya di sekolah.",38
148,Keterampilan Sosial,Sosial,39% - 50%,Sedang - Tinggi,"Kondisi hubungan pertemanan siswa mengalami hambatan yang cukup mengganggu kenyamanannya khususnya pada aspek Keterampilan Sosial. Siswa sering kali merasa kurang cocok, merasa kurang diterima oleh kelompok, atau mengalami selisih paham yang cukup menyita pikirannya di lingkungan sekolah.",37
149,Keterampilan Sosial,Sosial,51% - 63%,Berat - Rendah,"Siswa mengalami kesulitan bergaul yang cukup berat, ditandai dengan keengganan memulai pertemanan dan kecenderungan menjauh dari keramaian khususnya pada aspek Keterampilan Sosial. Kondisi ini memicu rasa kesepian dan menciptakan jarak komunikasi yang cukup lebar dengan lingkungan sekitarnya.",37
150,Keterampilan Sosial,Sosial,64% - 75%,Berat - Tinggi,"Siswa menunjukkan hambatan penyesuaian pergaulan yang terus-menerus, diwarnai oleh perselisihan antar teman atau sikap menyendiri yang sangat terlihat khususnya pada aspek Keterampilan Sosial. Kondisi ini membuat siswa merasa sangat tidak nyaman dan kehilangan kepercayaan terhadap teman di sekitarnya.",38
151,Keterampilan Sosial,Sosial,76% - 88%,Sangat Berat - Rendah,"Siswa berada dalam kondisi krisis pergaulan yang mendalam, ditandai dengan penolakan terhadap ajakan berteman atau perilaku menyendiri secara berlebihan khususnya pada aspek Keterampilan Sosial. Siswa merasa sangat kesepian, merasa cemas saat berada di keramaian, dan sangat membatasi interaksinya.",38
152,Keterampilan Sosial,Sosial,89% - 100%,Sangat Berat - Tinggi,"Siswa mengalami kesulitan berinteraksi yang sangat ekstrem, ditandai dengan ketakutan yang luar biasa untuk bersosialisasi dan perasaan terasing dari lingkungan sekolah khususnya pada aspek Keterampilan Sosial. Kondisi ini menghambat kemampuannya berkomunikasi serta menciptakan jarak pergaulan yang sangat jauh dengan orang lain.",41
153,Masalah Sosial,Sosial,0% - 12%,Ringan - Rendah,"Siswa memiliki kemampuan bergaul yang luar biasa, mampu membangun pertemanan yang hangat, serta menunjukkan penyesuaian yang sangat baik dengan lingkungan sekitar khususnya pada aspek Masalah Sosial. Sikap sosialnya sangat luwes, membuat siswa mudah diterima dan berkomunikasi dengan santun.",38
154,Masalah Sosial,Sosial,13% - 25%,Ringan - Tinggi,"Hubungan pergaulan siswa tergolong sehat dan mudah menyesuaikan diri khususnya pada aspek Masalah Sosial. Meskipun sesekali terjadi salah paham kecil dengan teman sebaya yang wajar bagi remaja, siswa tetap mampu menyelesaikannya dengan baik dan menjaga hubungan yang positif.",38
155,Masalah Sosial,Sosial,26% - 38%,Sedang - Rendah,"Siswa mulai menunjukkan rasa canggung atau hambatan dalam membaur dengan lingkungan pergaulan khususnya pada aspek Masalah Sosial. Kondisi ini membuat siswa terkadang merasa kurang percaya diri, ragu-ragu saat berbicara, atau memilih membatasi interaksi dengan teman sebaya di sekolah.",38
156,Masalah Sosial,Sosial,39% - 50%,Sedang - Tinggi,"Kondisi hubungan pertemanan siswa mengalami hambatan yang cukup mengganggu kenyamanannya khususnya pada aspek Masalah Sosial. Siswa sering kali merasa kurang cocok, merasa kurang diterima oleh kelompok, atau mengalami selisih paham yang cukup menyita pikirannya di lingkungan sekolah.",37
157,Masalah Sosial,Sosial,51% - 63%,Berat - Rendah,"Siswa mengalami kesulitan bergaul yang cukup berat, ditandai dengan keengganan memulai pertemanan dan kecenderungan menjauh dari keramaian khususnya pada aspek Masalah Sosial. Kondisi ini memicu rasa kesepian dan menciptakan jarak komunikasi yang cukup lebar dengan lingkungan sekitarnya.",37
158,Masalah Sosial,Sosial,64% - 75%,Berat - Tinggi,"Siswa menunjukkan hambatan penyesuaian pergaulan yang terus-menerus, diwarnai oleh perselisihan antar teman atau sikap menyendiri yang sangat terlihat khususnya pada aspek Masalah Sosial. Kondisi ini membuat siswa merasa sangat tidak nyaman dan kehilangan kepercayaan terhadap teman di sekitarnya.",38
159,Masalah Sosial,Sosial,76% - 88%,Sangat Berat - Rendah,"Siswa berada dalam kondisi krisis pergaulan yang mendalam, ditandai dengan penolakan terhadap ajakan berteman atau perilaku menyendiri secara berlebihan khususnya pada aspek Masalah Sosial. Siswa merasa sangat kesepian, merasa cemas saat berada di keramaian, dan sangat membatasi interaksinya.",38
160,Masalah Sosial,Sosial,89% - 100%,Sangat Berat - Tinggi,"Siswa mengalami kesulitan berinteraksi yang sangat ekstrem, ditandai dengan ketakutan yang luar biasa untuk bersosialisasi dan perasaan terasing dari lingkungan sekolah khususnya pada aspek Masalah Sosial. Kondisi ini menghambat kemampuannya berkomunikasi serta menciptakan jarak pergaulan yang sangat jauh dengan orang lain.",41
161,Kesiapan Karir,Karir,0% - 12%,Ringan - Rendah,"Siswa memiliki pemahaman minat yang sangat baik dan perencanaan masa depan yang jelas terkait arah lanjutan studinya khususnya pada aspek Kesiapan Karir. Kondisi ini mencerminkan rasa optimis yang tinggi, kesiapan diri yang matang, serta kemantapan dalam menentukan pilihan cita-citanya.",39
162,Kesiapan Karir,Karir,13% - 25%,Ringan - Tinggi,"Rencana masa depan siswa berada pada arah yang masuk akal dan jelas khususnya pada aspek Kesiapan Karir. Meskipun terdapat sedikit kebingungan dalam menimbang beberapa pilihan sekolah lanjutan, siswa secara umum memiliki gambaran yang baik tentang minat dan kemampuan yang dimilikinya.",40
163,Kesiapan Karir,Karir,26% - 38%,Sedang - Rendah,Siswa mulai menunjukkan kebingungan atau kurangnya gambaran mengenai rencana masa depannya khususnya pada aspek Kesiapan Karir. Kondisi ini ditandai dengan keraguan ringan dalam menentukan pilihan lanjutan studi serta kurangnya informasi yang sesuai dengan bakat aslinya.,35
164,Kesiapan Karir,Karir,39% - 50%,Sedang - Tinggi,"Keyakinan masa depan siswa mengalami hambatan yang cukup menyita pikiran, ditandai dengan kekhawatiran yang mulai mengganggu fokusnya khususnya pada aspek Kesiapan Karir. Siswa merasa bimbang akibat perbedaan antara minat pribadinya dengan harapan dari lingkungan atau keluarga sekitarnya.",37
165,Kesiapan Karir,Karir,51% - 63%,Berat - Rendah,"Siswa menunjukkan hambatan perencanaan sekolah lanjutan yang cukup berat, diwarnai oleh kebingungan arah dan rasa kurang peduli terhadap masa depannya sendiri khususnya pada aspek Kesiapan Karir. Kondisi ini memicu penurunan semangat berprestasi karena siswa belum memiliki tujuan yang jelas.",39
166,Kesiapan Karir,Karir,64% - 75%,Berat - Tinggi,"Siswa mengalami krisis keyakinan masa depan yang cukup kuat, ditandai dengan rasa bimbang yang amat sangat dan kelelahan pikiran akibat perbedaan harapan dengan keluarga khususnya pada aspek Kesiapan Karir. Hambatan ini membuat siswa merasa ragu dan pesimis dalam menentukan langkah selanjutnya.",41
167,Kesiapan Karir,Karir,76% - 88%,Sangat Berat - Rendah,"Siswa berada dalam fase kebingungan masa depan yang sangat serius, memicu rasa putus asa dalam belajar dan kekhawatiran yang sangat membebani khususnya pada aspek Kesiapan Karir. Pikirannya diliputi rasa takut akan kegagalan, sehingga siswa kehilangan dorongan untuk merencanakan langkah ke depannya.",41
168,Kesiapan Karir,Karir,89% - 100%,Sangat Berat - Tinggi,"Siswa mengalami kebuntuan total dalam merencanakan masa depan akibat ketakutan dan kekhawatiran yang sangat mendalam khususnya pada aspek Kesiapan Karir. Kondisinya dipenuhi kebingungan arah, hilangnya harapan, serta keengganan yang sangat kuat terhadap segala pembahasan mengenai arah studi lanjut atau cita-citanya.",40
169,Keterampilan Praktis,Karir,0% - 12%,Ringan - Rendah,"Siswa memiliki pemahaman minat yang sangat baik dan perencanaan masa depan yang jelas terkait arah lanjutan studinya khususnya pada aspek Keterampilan Praktis. Kondisi ini mencerminkan rasa optimis yang tinggi, kesiapan diri yang matang, serta kemantapan dalam menentukan pilihan cita-citanya.",39
170,Keterampilan Praktis,Karir,13% - 25%,Ringan - Tinggi,"Rencana masa depan siswa berada pada arah yang masuk akal dan jelas khususnya pada aspek Keterampilan Praktis. Meskipun terdapat sedikit kebingungan dalam menimbang beberapa pilihan sekolah lanjutan, siswa secara umum memiliki gambaran yang baik tentang minat dan kemampuan yang dimilikinya.",40
171,Keterampilan Praktis,Karir,26% - 38%,Sedang - Rendah,Siswa mulai menunjukkan kebingungan atau kurangnya gambaran mengenai rencana masa depannya khususnya pada aspek Keterampilan Praktis. Kondisi ini ditandai dengan keraguan ringan dalam menentukan pilihan lanjutan studi serta kurangnya informasi yang sesuai dengan bakat aslinya.,35
172,Keterampilan Praktis,Karir,39% - 50%,Sedang - Tinggi,"Keyakinan masa depan siswa mengalami hambatan yang cukup menyita pikiran, ditandai dengan kekhawatiran yang mulai mengganggu fokusnya khususnya pada aspek Keterampilan Praktis. Siswa merasa bimbang akibat perbedaan antara minat pribadinya dengan harapan dari lingkungan atau keluarga sekitarnya.",37
173,Keterampilan Praktis,Karir,51% - 63%,Berat - Rendah,"Siswa menunjukkan hambatan perencanaan sekolah lanjutan yang cukup berat, diwarnai oleh kebingungan arah dan rasa kurang peduli terhadap masa depannya sendiri khususnya pada aspek Keterampilan Praktis. Kondisi ini memicu penurunan semangat berprestasi karena siswa belum memiliki tujuan yang jelas.",39
174,Keterampilan Praktis,Karir,64% - 75%,Berat - Tinggi,"Siswa mengalami krisis keyakinan masa depan yang cukup kuat, ditandai dengan rasa bimbang yang amat sangat dan kelelahan pikiran akibat perbedaan harapan dengan keluarga khususnya pada aspek Keterampilan Praktis. Hambatan ini membuat siswa merasa ragu dan pesimis dalam menentukan langkah selanjutnya.",41
175,Keterampilan Praktis,Karir,76% - 88%,Sangat Berat - Rendah,"Siswa berada dalam fase kebingungan masa depan yang sangat serius, memicu rasa putus asa dalam belajar dan kekhawatiran yang sangat membebani khususnya pada aspek Keterampilan Praktis. Pikirannya diliputi rasa takut akan kegagalan, sehingga siswa kehilangan dorongan untuk merencanakan langkah ke depannya.",41
176,Keterampilan Praktis,Karir,89% - 100%,Sangat Berat - Tinggi,"Siswa mengalami kebuntuan total dalam merencanakan masa depan akibat ketakutan dan kekhawatiran yang sangat mendalam khususnya pada aspek Keterampilan Praktis. Kondisinya dipenuhi kebingungan arah, hilangnya harapan, serta keengganan yang sangat kuat terhadap segala pembahasan mengenai arah studi lanjut atau cita-citanya.",40
177,Minat & Bakat,Karir,0% - 12%,Ringan - Rendah,"Siswa memiliki pemahaman minat yang sangat baik dan perencanaan masa depan yang jelas terkait arah lanjutan studinya khususnya pada aspek Minat & Bakat. Kondisi ini mencerminkan rasa optimis yang tinggi, kesiapan diri yang matang, serta kemantapan dalam menentukan pilihan cita-citanya.",40
178,Minat & Bakat,Karir,13% - 25%,Ringan - Tinggi,"Rencana masa depan siswa berada pada arah yang masuk akal dan jelas khususnya pada aspek Minat & Bakat. Meskipun terdapat sedikit kebingungan dalam menimbang beberapa pilihan sekolah lanjutan, siswa secara umum memiliki gambaran yang baik tentang minat dan kemampuan yang dimilikinya.",41
179,Minat & Bakat,Karir,26% - 38%,Sedang - Rendah,Siswa mulai menunjukkan kebingungan atau kurangnya gambaran mengenai rencana masa depannya khususnya pada aspek Minat & Bakat. Kondisi ini ditandai dengan keraguan ringan dalam menentukan pilihan lanjutan studi serta kurangnya informasi yang sesuai dengan bakat aslinya.,36
180,Minat & Bakat,Karir,39% - 50%,Sedang - Tinggi,"Keyakinan masa depan siswa mengalami hambatan yang cukup menyita pikiran, ditandai dengan kekhawatiran yang mulai mengganggu fokusnya khususnya pada aspek Minat & Bakat. Siswa merasa bimbang akibat perbedaan antara minat pribadinya dengan harapan dari lingkungan atau keluarga sekitarnya.",38
181,Minat & Bakat,Karir,51% - 63%,Berat - Rendah,"Siswa menunjukkan hambatan perencanaan sekolah lanjutan yang cukup berat, diwarnai oleh kebingungan arah dan rasa kurang peduli terhadap masa depannya sendiri khususnya pada aspek Minat & Bakat. Kondisi ini memicu penurunan semangat berprestasi karena siswa belum memiliki tujuan yang jelas.",40
182,Minat & Bakat,Karir,64% - 75%,Berat - Tinggi,"Siswa mengalami krisis keyakinan masa depan yang cukup kuat, ditandai dengan rasa bimbang yang amat sangat dan kelelahan pikiran akibat perbedaan harapan dengan keluarga khususnya pada aspek Minat & Bakat. Hambatan ini membuat siswa merasa ragu dan pesimis dalam menentukan langkah selanjutnya.",42
183,Minat & Bakat,Karir,76% - 88%,Sangat Berat - Rendah,"Siswa berada dalam fase kebingungan masa depan yang sangat serius, memicu rasa putus asa dalam belajar dan kekhawatiran yang sangat membebani khususnya pada aspek Minat & Bakat. Pikirannya diliputi rasa takut akan kegagalan, sehingga siswa kehilangan dorongan untuk merencanakan langkah ke depannya.",42
184,Minat & Bakat,Karir,89% - 100%,Sangat Berat - Tinggi,"Siswa mengalami kebuntuan total dalam merencanakan masa depan akibat ketakutan dan kekhawatiran yang sangat mendalam khususnya pada aspek Minat & Bakat. Kondisinya dipenuhi kebingungan arah, hilangnya harapan, serta keengganan yang sangat kuat terhadap segala pembahasan mengenai arah studi lanjut atau cita-citanya.",41
185,Perencanaan Karir,Karir,0% - 12%,Ringan - Rendah,"Siswa memiliki pemahaman minat yang sangat baik dan perencanaan masa depan yang jelas terkait arah lanjutan studinya khususnya pada aspek Perencanaan Karir. Kondisi ini mencerminkan rasa optimis yang tinggi, kesiapan diri yang matang, serta kemantapan dalam menentukan pilihan cita-citanya.",39
186,Perencanaan Karir,Karir,13% - 25%,Ringan - Tinggi,"Rencana masa depan siswa berada pada arah yang masuk akal dan jelas khususnya pada aspek Perencanaan Karir. Meskipun terdapat sedikit kebingungan dalam menimbang beberapa pilihan sekolah lanjutan, siswa secara umum memiliki gambaran yang baik tentang minat dan kemampuan yang dimilikinya.",40
187,Perencanaan Karir,Karir,26% - 38%,Sedang - Rendah,Siswa mulai menunjukkan kebingungan atau kurangnya gambaran mengenai rencana masa depannya khususnya pada aspek Perencanaan Karir. Kondisi ini ditandai dengan keraguan ringan dalam menentukan pilihan lanjutan studi serta kurangnya informasi yang sesuai dengan bakat aslinya.,35
188,Perencanaan Karir,Karir,39% - 50%,Sedang - Tinggi,"Keyakinan masa depan siswa mengalami hambatan yang cukup menyita pikiran, ditandai dengan kekhawatiran yang mulai mengganggu fokusnya khususnya pada aspek Perencanaan Karir. Siswa merasa bimbang akibat perbedaan antara minat pribadinya dengan harapan dari lingkungan atau keluarga sekitarnya.",37
189,Perencanaan Karir,Karir,51% - 63%,Berat - Rendah,"Siswa menunjukkan hambatan perencanaan sekolah lanjutan yang cukup berat, diwarnai oleh kebingungan arah dan rasa kurang peduli terhadap masa depannya sendiri khususnya pada aspek Perencanaan Karir. Kondisi ini memicu penurunan semangat berprestasi karena siswa belum memiliki tujuan yang jelas.",39
190,Perencanaan Karir,Karir,64% - 75%,Berat - Tinggi,"Siswa mengalami krisis keyakinan masa depan yang cukup kuat, ditandai dengan rasa bimbang yang amat sangat dan kelelahan pikiran akibat perbedaan harapan dengan keluarga khususnya pada aspek Perencanaan Karir. Hambatan ini membuat siswa merasa ragu dan pesimis dalam menentukan langkah selanjutnya.",41
191,Perencanaan Karir,Karir,76% - 88%,Sangat Berat - Rendah,"Siswa berada dalam fase kebingungan masa depan yang sangat serius, memicu rasa putus asa dalam belajar dan kekhawatiran yang sangat membebani khususnya pada aspek Perencanaan Karir. Pikirannya diliputi rasa takut akan kegagalan, sehingga siswa kehilangan dorongan untuk merencanakan langkah ke depannya.",41
192,Perencanaan Karir,Karir,89% - 100%,Sangat Berat - Tinggi,"Siswa mengalami kebuntuan total dalam merencanakan masa depan akibat ketakutan dan kekhawatiran yang sangat mendalam khususnya pada aspek Perencanaan Karir. Kondisinya dipenuhi kebingungan arah, hilangnya harapan, serta keengganan yang sangat kuat terhadap segala pembahasan mengenai arah studi lanjut atau cita-citanya.",40
